Year,State,AQI
2000,Alabama,56.97578125
2001,Alabama,48.59338151
2002,Alabama,47.51074987
2003,Alabama,47.14804377
2004,Alabama,46.7974516
2005,Alabama,48.14710204
2006,Alabama,50.58759664
2007,Alabama,53.22599932
2008,Alabama,46.88391801
2009,Alabama,41.28908213
2010,Alabama,48.80831624
2011,Alabama,45.80982634
2012,Alabama,43.26735104
2013,Alabama,37.8973392
2014,Alabama,39.93664676
2015,Alabama,40.80467995
2016,Alabama,41.17531949
2017,Alabama,39.23667741
2018,Alabama,38.32101886
2019,Alabama,39.47375691
2000,Alaska,30.65599343
2001,Alaska,31.99008264
2002,Alaska,28.34171598
2003,Alaska,25.82076176
2004,Alaska,27.43615495
2005,Alaska,26.20983125
2006,Alaska,29.41360544
2007,Alaska,27.9661476
2008,Alaska,26.8221957
2009,Alaska,31.59686147
2010,Alaska,29.80925131
2011,Alaska,30.86202186
2012,Alaska,30.95145228
2013,Alaska,30.40193492
2014,Alaska,34.9124487
2015,Alaska,35.47383863
2016,Alaska,33.67250876
2017,Alaska,31.59318637
2018,Alaska,29.63515313
2019,Alaska,29.30899556
2000,Arizona,55.95226395
2001,Arizona,54.61114911
2002,Arizona,58.22389593
2003,Arizona,56.0080825
2004,Arizona,53.02058414
2005,Arizona,54.07037226
2006,Arizona,64.92640906
2007,Arizona,61.64502695
2008,Arizona,59.47527473
2009,Arizona,52.31267806
2010,Arizona,51.88924758
2011,Arizona,56.61756238
2012,Arizona,55.28777143
2013,Arizona,51.13182423
2014,Arizona,52.14919268
2015,Arizona,47.59421842
2016,Arizona,48.77939932
2017,Arizona,50.94492877
2018,Arizona,49.95837735
2019,Arizona,46.61201608
2000,Arkansas,49.00754603
2001,Arkansas,45.34009318
2002,Arkansas,43.60488959
2003,Arkansas,42.67747164
2004,Arkansas,40.52150697
2005,Arkansas,48.64180064
2006,Arkansas,44.76356472
2007,Arkansas,43.8780692
2008,Arkansas,40.0473522
2009,Arkansas,37.80201624
2010,Arkansas,42.45521797
2011,Arkansas,41.94385679
2012,Arkansas,42.1443986
2013,Arkansas,38.23350254
2014,Arkansas,36.12283044
2015,Arkansas,35.20893517
2016,Arkansas,35.39179351
2017,Arkansas,39.50727995
2018,Arkansas,38.81057692
2019,Arkansas,38.5255829
2000,California,61.82846833
2001,California,63.76751899
2002,California,65.66473738
2003,California,64.048916
2004,California,60.12140541
2005,California,56.35673345
2006,California,60.00444854
2007,California,58.13687636
2008,California,60.5623952
2009,California,56.28674438
2010,California,54.11063234
2011,California,58.22405572
2012,California,57.13448806
2013,California,55.9286937
2014,California,56.23274194
2015,California,55.91848265
2016,California,55.07363933
2017,California,57.47238065
2018,California,57.0378191
2019,California,49.61968211
2000,Colorado,38.30242251
2001,Colorado,36.77988712
2002,Colorado,39.23749676
2003,Colorado,38.41672001
2004,Colorado,35.46342402
2005,Colorado,37.97619048
2006,Colorado,39.70151307
2007,Colorado,44.12777437
2008,Colorado,42.18449095
2009,Colorado,40.52880877
2010,Colorado,43.11347115
2011,Colorado,46.41019178
2012,Colorado,47.21185692
2013,Colorado,45.74928806
2014,Colorado,42.45274071
2015,Colorado,41.39241211
2016,Colorado,41.2691974
2017,Colorado,43.32227084
2018,Colorado,46.8001237
2019,Colorado,41.53201542
2000,Connecticut,48.38687036
2001,Connecticut,55.56283422
2002,Connecticut,58.2736014
2003,Connecticut,51.78173913
2004,Connecticut,47.20263158
2005,Connecticut,51.42778014
2006,Connecticut,47.92948984
2007,Connecticut,49.9924182
2008,Connecticut,45.68895006
2009,Connecticut,39.78149606
2010,Connecticut,43.83885122
2011,Connecticut,43.15798843
2012,Connecticut,47.99682288
2013,Connecticut,48.16150794
2014,Connecticut,44.81336497
2015,Connecticut,45.5116096
2016,Connecticut,44.31000395
2017,Connecticut,41.29430012
2018,Connecticut,41.23236677
2019,Connecticut,41.46212995
2000,Delaware,62.033954
2001,Delaware,67.49945593
2002,Delaware,68.51416122
2003,Delaware,61.95929593
2004,Delaware,58.25560538
2005,Delaware,63.91713326
2006,Delaware,60.30100334
2007,Delaware,58.18018018
2008,Delaware,56.27404922
2009,Delaware,47.31977401
2010,Delaware,53.69467213
2011,Delaware,48.4173516
2012,Delaware,49.73836127
2013,Delaware,44.87764489
2014,Delaware,47.20566728
2015,Delaware,46.36621005
2016,Delaware,44.99908759
2017,Delaware,43.83409716
2018,Delaware,42.4803653
2019,Delaware,44.20456621
2000,District of Columbia,58
2001,District of Columbia,62
2002,District of Columbia,58
2003,District of Columbia,57
2004,District of Columbia,56
2005,District of Columbia,57
2006,District of Columbia,54
2007,District of Columbia,54
2008,District of Columbia,51
2009,District of Columbia,49
2010,District of Columbia,51
2011,District of Columbia,54
2012,District of Columbia,56
2013,District of Columbia,48
2014,District of Columbia,47
2015,District of Columbia,47
2016,District of Columbia,47
2017,District of Columbia,51
2018,District of Columbia,44
2019,District of Columbia,44
2000,Florida,48.42237737
2001,Florida,43.770114
2002,Florida,41.20860333
2003,Florida,41.64095745
2004,Florida,44.10058933
2005,Florida,44.50402653
2006,Florida,46.07945827
2007,Florida,44.42045455
2008,Florida,41.84553749
2009,Florida,39.29514908
2010,Florida,42.12026035
2011,Florida,41.24708745
2012,Florida,38.20948418
2013,Florida,36.93567556
2014,Florida,37.92498566
2015,Florida,36.07757023
2016,Florida,38.09406865
2017,Florida,38.4365669
2018,Florida,36.97333907
2019,Florida,37.36638119
2000,Georgia,54.41532955
2001,Georgia,47.27366864
2002,Georgia,47.8857072
2003,Georgia,44.21238728
2004,Georgia,47.57325861
2005,Georgia,50.30088976
2006,Georgia,52.66748166
2007,Georgia,54.27474102
2008,Georgia,49.92428198
2009,Georgia,43.91654295
2010,Georgia,48.36438183
2011,Georgia,49.18879493
2012,Georgia,44.88867825
2013,Georgia,39.97857143
2014,Georgia,42.10104012
2015,Georgia,39.02825696
2016,Georgia,41.16924755
2017,Georgia,39.04721479
2018,Georgia,37.61183973
2019,Georgia,40.50544178
2000,Hawaii,31.60412926
2001,Hawaii,34.84099265
2002,Hawaii,36.86133333
2003,Hawaii,41.15803336
2004,Hawaii,35.12725632
2005,Hawaii,32.15830116
2006,Hawaii,30.37987243
2007,Hawaii,43.10985915
2008,Hawaii,73.64100186
2009,Hawaii,76.14797794
2010,Hawaii,80.27306617
2011,Hawaii,58.34441088
2012,Hawaii,63.29224377
2013,Hawaii,56.02676733
2014,Hawaii,51.47042053
2015,Hawaii,55.01921757
2016,Hawaii,54.65934066
2017,Hawaii,53.24776939
2018,Hawaii,41.65006916
2019,Hawaii,20.85792725
2000,Idaho,35.24718563
2001,Idaho,38.60462428
2002,Idaho,36.68540564
2003,Idaho,32.98955447
2004,Idaho,33.77131583
2005,Idaho,31.77394921
2006,Idaho,31.77533194
2007,Idaho,31.41045033
2008,Idaho,29.36256684
2009,Idaho,28.33680793
2010,Idaho,29.84156831
2011,Idaho,28.85505639
2012,Idaho,30.71672819
2013,Idaho,32.08287014
2014,Idaho,30.11235648
2015,Idaho,32.20992622
2016,Idaho,29.18650794
2017,Idaho,36.02748505
2018,Idaho,32.46125052
2019,Idaho,28.14238365
2000,Illinois,45.88565685
2001,Illinois,47.05166724
2002,Illinois,48.19123641
2003,Illinois,43.36589478
2004,Illinois,39.60040296
2005,Illinois,46.31355648
2006,Illinois,40.7329932
2007,Illinois,46.96630459
2008,Illinois,41.05836315
2009,Illinois,39.68183851
2010,Illinois,42.0373393
2011,Illinois,39.29121761
2012,Illinois,42.45945636
2013,Illinois,36.70317442
2014,Illinois,36.22663222
2015,Illinois,35.8328105
2016,Illinois,35.62769867
2017,Illinois,37.94834943
2018,Illinois,37.69590894
2019,Illinois,36.49086708
2000,Indiana,48.47219636
2001,Indiana,49.86666667
2002,Indiana,52.55410207
2003,Indiana,47.91008613
2004,Indiana,44.09396135
2005,Indiana,49.55354511
2006,Indiana,43.52183697
2007,Indiana,50.18896685
2008,Indiana,44.14371257
2009,Indiana,40.23721216
2010,Indiana,44.24817456
2011,Indiana,42.60267389
2012,Indiana,43.07125541
2013,Indiana,37.95144324
2014,Indiana,38.54553415
2015,Indiana,36.10232704
2016,Indiana,35.66425811
2017,Indiana,36.7267136
2018,Indiana,36.28067439
2019,Indiana,36.36018637
2000,Iowa,41.90405117
2001,Iowa,40.20497297
2002,Iowa,40.08801611
2003,Iowa,42.10609756
2004,Iowa,38.37879088
2005,Iowa,43.02407261
2006,Iowa,38.90825879
2007,Iowa,45.06467259
2008,Iowa,40.83604022
2009,Iowa,39.55172414
2010,Iowa,43.28692449
2011,Iowa,43.69424394
2012,Iowa,45.03266055
2013,Iowa,41.39235485
2014,Iowa,40.99496403
2015,Iowa,38.83160158
2016,Iowa,36.74575969
2017,Iowa,39.36702021
2018,Iowa,41.24040754
2019,Iowa,37.90477223
2000,Kansas,45.64185111
2001,Kansas,43.42406767
2002,Kansas,41.69771924
2003,Kansas,44.01977622
2004,Kansas,35.97617902
2005,Kansas,41.5634959
2006,Kansas,43.12114428
2007,Kansas,39.72442536
2008,Kansas,36.48945642
2009,Kansas,34.79181124
2010,Kansas,36.82532348
2011,Kansas,42.1897514
2012,Kansas,44.05741751
2013,Kansas,36.87974508
2014,Kansas,37.14673279
2015,Kansas,36.40526316
2016,Kansas,35.42881894
2017,Kansas,35.20872446
2018,Kansas,35.77742022
2019,Kansas,34.18196588
2000,Kentucky,51.31555295
2001,Kentucky,50.76449447
2002,Kentucky,51.6134851
2003,Kentucky,47.50879607
2004,Kentucky,43.71898385
2005,Kentucky,51.24034641
2006,Kentucky,46.19550173
2007,Kentucky,54.54221214
2008,Kentucky,45.82275486
2009,Kentucky,40.08061697
2010,Kentucky,46.53424512
2011,Kentucky,44.35181496
2012,Kentucky,46.69961634
2013,Kentucky,38.76588853
2014,Kentucky,39.87202347
2015,Kentucky,39.62696862
2016,Kentucky,40.54332048
2017,Kentucky,39.38836944
2018,Kentucky,38.6428071
2019,Kentucky,37.77810922
2000,Louisiana,53.24800896
2001,Louisiana,46.46817349
2002,Louisiana,42.47608006
2003,Louisiana,46.72948105
2004,Louisiana,44.87209871
2005,Louisiana,51.48142021
2006,Louisiana,51.17697695
2007,Louisiana,47.70811819
2008,Louisiana,45.07940762
2009,Louisiana,43.459375
2010,Louisiana,47.644646
2011,Louisiana,47.84770346
2012,Louisiana,45.33342271
2013,Louisiana,41.30981595
2014,Louisiana,41.20710701
2015,Louisiana,39.92155732
2016,Louisiana,39.54964784
2017,Louisiana,37.37602216
2018,Louisiana,37.15265574
2019,Louisiana,36.74598579
2000,Maine,30.861167
2001,Maine,34.95178197
2002,Maine,35.08358209
2003,Maine,35.68462292
2004,Maine,34.66677245
2005,Maine,38.37804031
2006,Maine,36.91987293
2007,Maine,38.05690493
2008,Maine,36.12384591
2009,Maine,34.65778753
2010,Maine,35.3807974
2011,Maine,35.70276848
2012,Maine,35.35419198
2013,Maine,36.14764305
2014,Maine,34.86452763
2015,Maine,35.53672159
2016,Maine,32.80005448
2017,Maine,35.4299775
2018,Maine,35.29487952
2019,Maine,33.67740964
2000,Maryland,53.34905429
2001,Maryland,59.39186872
2002,Maryland,62.90707497
2003,Maryland,52.22791328
2004,Maryland,52.22835666
2005,Maryland,54.56810078
2006,Maryland,54.62416107
2007,Maryland,57.4566855
2008,Maryland,52.03947068
2009,Maryland,44.70786273
2010,Maryland,52.74045157
2011,Maryland,50.46174085
2012,Maryland,51.03724989
2013,Maryland,43.81761945
2014,Maryland,44.25935614
2015,Maryland,45.37329106
2016,Maryland,43.97028144
2017,Maryland,42.02173132
2018,Maryland,40.20957447
2019,Maryland,38.94296847
2000,Massachusetts,46.42410855
2001,Massachusetts,52.65443425
2002,Massachusetts,51.78644764
2003,Massachusetts,47.45345345
2004,Massachusetts,45.33287821
2005,Massachusetts,48.75747689
2006,Massachusetts,45.85159285
2007,Massachusetts,48.37444589
2008,Massachusetts,45.57139188
2009,Massachusetts,41.14665971
2010,Massachusetts,42.75146572
2011,Massachusetts,43.31867576
2012,Massachusetts,42.28157827
2013,Massachusetts,41.58540752
2014,Massachusetts,39.87845892
2015,Massachusetts,38.86413281
2016,Massachusetts,38.12396694
2017,Massachusetts,39.37571763
2018,Massachusetts,38.86652542
2019,Massachusetts,38.62324989
2000,Michigan,42.29860246
2001,Michigan,47.44708078
2002,Michigan,48.06283266
2003,Michigan,45.71530062
2004,Michigan,42.30894751
2005,Michigan,50.26710454
2006,Michigan,43.30033651
2007,Michigan,48.29859353
2008,Michigan,44.08378497
2009,Michigan,40.78385732
2010,Michigan,42.42236393
2011,Michigan,42.02200525
2012,Michigan,47.37484329
2013,Michigan,38.68805608
2014,Michigan,40.25822368
2015,Michigan,39.26935404
2016,Michigan,38.39106901
2017,Michigan,37.81540765
2018,Michigan,37.97558991
2019,Michigan,36.13843783
2000,Minnesota,31.51767928
2001,Minnesota,31.5631068
2002,Minnesota,33.45282051
2003,Minnesota,41.15937102
2004,Minnesota,38.45623501
2005,Minnesota,41.44967765
2006,Minnesota,37.21682795
2007,Minnesota,38.6428227
2008,Minnesota,37.29738034
2009,Minnesota,36.46544615
2010,Minnesota,36.13034292
2011,Minnesota,36.02588467
2012,Minnesota,36.3429441
2013,Minnesota,35.99068018
2014,Minnesota,34.36857317
2015,Minnesota,33.91314801
2016,Minnesota,30.51594635
2017,Minnesota,33.61937103
2018,Minnesota,34.37628196
2019,Minnesota,31.09280841
2000,Mississippi,56.62762629
2001,Mississippi,48.83232281
2002,Mississippi,45.28143451
2003,Mississippi,48.39193149
2004,Mississippi,46.79721754
2005,Mississippi,53.23149294
2006,Mississippi,52.43868739
2007,Mississippi,50.11418592
2008,Mississippi,46.24299584
2009,Mississippi,41.83857104
2010,Mississippi,45.52806056
2011,Mississippi,45.16157895
2012,Mississippi,42.76157205
2013,Mississippi,38.3549007
2014,Mississippi,39.39596879
2015,Mississippi,37.28088506
2016,Mississippi,37.66854813
2017,Mississippi,36.4734404
2018,Mississippi,39.20905616
2019,Mississippi,39.16814683
2000,Missouri,49.80010699
2001,Missouri,47.99361078
2002,Missouri,52.33350794
2003,Missouri,50.04939119
2004,Missouri,44.54483378
2005,Missouri,52.05830806
2006,Missouri,50.9168117
2007,Missouri,51.36384122
2008,Missouri,46.96377331
2009,Missouri,43.68933793
2010,Missouri,48.66946688
2011,Missouri,49.6972067
2012,Missouri,51.45932865
2013,Missouri,42.72686613
2014,Missouri,41.37869639
2015,Missouri,37.44972523
2016,Missouri,35.24657734
2017,Missouri,35.96463447
2018,Missouri,37.11794042
2019,Missouri,39.83853533
2000,Montana,33.64028035
2001,Montana,30.18406709
2002,Montana,24.8488024
2003,Montana,25.46787032
2004,Montana,26.63582806
2005,Montana,27.9011578
2006,Montana,30.02019558
2007,Montana,31.72570937
2008,Montana,28.8656495
2009,Montana,32.54376824
2010,Montana,34.99908088
2011,Montana,35.82746547
2012,Montana,38.31187465
2013,Montana,34.69843503
2014,Montana,33.97582719
2015,Montana,37.2330163
2016,Montana,32.97725344
2017,Montana,42.71526587
2018,Montana,36.48063859
2019,Montana,31.59914676
2000,Nebraska,36.15810733
2001,Nebraska,34.07712215
2002,Nebraska,32.81826877
2003,Nebraska,33.72900158
2004,Nebraska,32.49975037
2005,Nebraska,35.37676228
2006,Nebraska,33.49096099
2007,Nebraska,35.49293717
2008,Nebraska,36.27672956
2009,Nebraska,30.50578292
2010,Nebraska,34.6140199
2011,Nebraska,35.24896093
2012,Nebraska,39.69376026
2013,Nebraska,34.00132802
2014,Nebraska,32.0027088
2015,Nebraska,32.16354937
2016,Nebraska,31.77272727
2017,Nebraska,33.17028004
2018,Nebraska,31.14663677
2019,Nebraska,28.1242657
2000,Nevada,46.04791667
2001,Nevada,45.29351814
2002,Nevada,44.15409702
2003,Nevada,44.52055956
2004,Nevada,38.98862775
2005,Nevada,39.282099
2006,Nevada,44.4964657
2007,Nevada,40.04730203
2008,Nevada,36.99143542
2009,Nevada,37.20860053
2010,Nevada,36.52526641
2011,Nevada,36.86486486
2012,Nevada,47.39069767
2013,Nevada,48.09395509
2014,Nevada,44.60115215
2015,Nevada,42.45986125
2016,Nevada,40.31037706
2017,Nevada,41.28345725
2018,Nevada,42.2480572
2019,Nevada,35.95510455
2000,New Hampshire,36.60792805
2001,New Hampshire,42.30057803
2002,New Hampshire,43.39271255
2003,New Hampshire,43.67132603
2004,New Hampshire,42.55046257
2005,New Hampshire,44.55669662
2006,New Hampshire,41.00299658
2007,New Hampshire,43.21703767
2008,New Hampshire,40.28565506
2009,New Hampshire,41.13819742
2010,New Hampshire,44.74020017
2011,New Hampshire,43.71864548
2012,New Hampshire,39.83991684
2013,New Hampshire,39.54704413
2014,New Hampshire,39.13150229
2015,New Hampshire,39.50250836
2016,New Hampshire,37.85970636
2017,New Hampshire,37.66036977
2018,New Hampshire,34.76544767
2019,New Hampshire,33.07221095
2000,New Jersey,46.6869338
2001,New Jersey,51.38600491
2002,New Jersey,53.45457698
2003,New Jersey,47.05089505
2004,New Jersey,43.95925149
2005,New Jersey,47.4754441
2006,New Jersey,47.34616743
2007,New Jersey,48.22451099
2008,New Jersey,46.31501706
2009,New Jersey,40.44634606
2010,New Jersey,47.09188801
2011,New Jersey,45.81836042
2012,New Jersey,45.84840623
2013,New Jersey,42.14831212
2014,New Jersey,41.75831038
2015,New Jersey,43.3285192
2016,New Jersey,43.07745329
2017,New Jersey,41.31615674
2018,New Jersey,41.44595822
2019,New Jersey,41.48839318
2000,New Mexico,39.53299736
2001,New Mexico,36.51839465
2002,New Mexico,37.44911504
2003,New Mexico,37.86887349
2004,New Mexico,34.94100906
2005,New Mexico,38.86399801
2006,New Mexico,41.43719183
2007,New Mexico,38.84801311
2008,New Mexico,39.72173038
2009,New Mexico,36.13797241
2010,New Mexico,39.05263158
2011,New Mexico,42.66565226
2012,New Mexico,43.06587803
2013,New Mexico,43.00665323
2014,New Mexico,39.42686935
2015,New Mexico,36.24720069
2016,New Mexico,38.32045654
2017,New Mexico,41.21319018
2018,New Mexico,43.95404814
2019,New Mexico,40.97173769
2000,New York,42.25627064
2001,New York,46.28759731
2002,New York,47.25223214
2003,New York,42.97700216
2004,New York,39.12013852
2005,New York,43.09035714
2006,New York,38.91511369
2007,New York,44.50103359
2008,New York,42.40512471
2009,New York,38.89071583
2010,New York,41.02958047
2011,New York,39.63570158
2012,New York,39.565041
2013,New York,37.61760155
2014,New York,36.69109695
2015,New York,38.05175439
2016,New York,37.21091618
2017,New York,34.65393729
2018,New York,34.1862853
2019,New York,32.8960341
2000,North Carolina,55.92492789
2001,North Carolina,55.12413124
2002,North Carolina,58.03349687
2003,North Carolina,50.04667378
2004,North Carolina,46.74371652
2005,North Carolina,52.07071422
2006,North Carolina,51.41961214
2007,North Carolina,54.51088659
2008,North Carolina,48.10325611
2009,North Carolina,40.80021582
2010,North Carolina,46.36931949
2011,North Carolina,44.33888255
2012,North Carolina,41.61626584
2013,North Carolina,37.18334323
2014,North Carolina,39.06040757
2015,North Carolina,38.30922199
2016,North Carolina,38.5097899
2017,North Carolina,36.31366813
2018,North Carolina,36.13311293
2019,North Carolina,36.26179966
2000,North Dakota,28.1015299
2001,North Dakota,28.97518286
2002,North Dakota,29.72959319
2003,North Dakota,30.67183099
2004,North Dakota,30.94399554
2005,North Dakota,31.59295898
2006,North Dakota,31.88950124
2007,North Dakota,29.92943438
2008,North Dakota,32.80870066
2009,North Dakota,32.96166717
2010,North Dakota,36.19483871
2011,North Dakota,34.87586424
2012,North Dakota,36.51944107
2013,North Dakota,38.77621522
2014,North Dakota,36.46144468
2015,North Dakota,36.97780214
2016,North Dakota,31.41432507
2017,North Dakota,35.38073511
2018,North Dakota,37.60850236
2019,North Dakota,34.61255827
2000,Ohio,49.5512535
2001,Ohio,52.73968434
2002,Ohio,54.69481072
2003,Ohio,49.12556433
2004,Ohio,45.15508324
2005,Ohio,50.75294893
2006,Ohio,43.97716997
2007,Ohio,47.57368538
2008,Ohio,43.76981832
2009,Ohio,38.80577137
2010,Ohio,46.38485603
2011,Ohio,43.78209745
2012,Ohio,45.33445617
2013,Ohio,38.97548906
2014,Ohio,39.19800834
2015,Ohio,38.32567433
2016,Ohio,37.78975347
2017,Ohio,36.46694922
2018,Ohio,37.19864945
2019,Ohio,36.50246161
2000,Oklahoma,43.97914494
2001,Oklahoma,45.92738666
2002,Oklahoma,43.89325658
2003,Oklahoma,45.61871571
2004,Oklahoma,41.59576869
2005,Oklahoma,46.22738675
2006,Oklahoma,47.65670162
2007,Oklahoma,40.92028254
2008,Oklahoma,40.86159924
2009,Oklahoma,41.99281745
2010,Oklahoma,43.76094537
2011,Oklahoma,52.15761155
2012,Oklahoma,48.73715145
2013,Oklahoma,42.91394953
2014,Oklahoma,41.1962983
2015,Oklahoma,38.24470354
2016,Oklahoma,37.31298281
2017,Oklahoma,37.90151689
2018,Oklahoma,38.52511087
2019,Oklahoma,36.76167765
2000,Oregon,35.50917011
2001,Oregon,34.31925943
2002,Oregon,37.25066726
2003,Oregon,32.08699634
2004,Oregon,34.43461729
2005,Oregon,33.90259197
2006,Oregon,33.07202031
2007,Oregon,33.76986154
2008,Oregon,36.06674383
2009,Oregon,35.43176237
2010,Oregon,29.67085954
2011,Oregon,32.40029236
2012,Oregon,31.82720677
2013,Oregon,37.08918658
2014,Oregon,31.88448471
2015,Oregon,34.27020234
2016,Oregon,28.40391742
2017,Oregon,37.21283057
2018,Oregon,34.55588511
2019,Oregon,31.55475157
2000,Pennsylvania,52.01856941
2001,Pennsylvania,59.04450111
2002,Pennsylvania,58.72544844
2003,Pennsylvania,52.41742555
2004,Pennsylvania,49.9996744
2005,Pennsylvania,54.88201576
2006,Pennsylvania,48.02264863
2007,Pennsylvania,50.29100111
2008,Pennsylvania,47.45979232
2009,Pennsylvania,43.90705596
2010,Pennsylvania,48.33012336
2011,Pennsylvania,46.62791404
2012,Pennsylvania,48.14295223
2013,Pennsylvania,44.92879499
2014,Pennsylvania,44.42662481
2015,Pennsylvania,45.22334766
2016,Pennsylvania,43.07075334
2017,Pennsylvania,42.51701818
2018,Pennsylvania,39.93323803
2019,Pennsylvania,39.8420725
2000,Rhode Island,47.10526316
2001,Rhode Island,55.80411125
2002,Rhode Island,53.93333333
2003,Rhode Island,50.28645161
2004,Rhode Island,46.96272494
2005,Rhode Island,50.08735332
2006,Rhode Island,46.19721871
2007,Rhode Island,48.7130102
2008,Rhode Island,44.80050188
2009,Rhode Island,37.67203682
2010,Rhode Island,40.81182796
2011,Rhode Island,43.54237288
2012,Rhode Island,42.87062257
2013,Rhode Island,40.66329347
2014,Rhode Island,36.95333943
2015,Rhode Island,42.03508772
2016,Rhode Island,38.62627197
2017,Rhode Island,36.01579926
2018,Rhode Island,37.18888889
2019,Rhode Island,36.08801498
2000,South Carolina,54.24083251
2001,South Carolina,51.28787032
2002,South Carolina,51.15115343
2003,South Carolina,43.68108808
2004,South Carolina,45.53797056
2005,South Carolina,48.09748128
2006,South Carolina,47.8996338
2007,South Carolina,48.76241535
2008,South Carolina,46.43602635
2009,South Carolina,38.15300204
2010,South Carolina,43.56472393
2011,South Carolina,44.52802803
2012,South Carolina,38.97483095
2013,South Carolina,34.84257285
2014,South Carolina,37.25210687
2015,South Carolina,36.77051807
2016,South Carolina,38.85055131
2017,South Carolina,36.77195394
2018,South Carolina,35.27719719
2019,South Carolina,40.80011477
2000,South Dakota,32.96153846
2001,South Dakota,32.59156977
2002,South Dakota,27.24329268
2003,South Dakota,34.83246073
2004,South Dakota,34.82750583
2005,South Dakota,39.56952965
2006,South Dakota,38.6215342
2007,South Dakota,35.95702962
2008,South Dakota,35.33320328
2009,South Dakota,35.14653465
2010,South Dakota,37.26078367
2011,South Dakota,36.26946108
2012,South Dakota,42.02861842
2013,South Dakota,40.30705532
2014,South Dakota,35.82876033
2015,South Dakota,35.93711249
2016,South Dakota,33.03680801
2017,South Dakota,34.16170839
2018,South Dakota,34.80748821
2019,South Dakota,33.89486119
2000,Tennessee,55.74583807
2001,Tennessee,50.65306721
2002,Tennessee,49.14342916
2003,Tennessee,49.7339085
2004,Tennessee,46.66549953
2005,Tennessee,49.97379227
2006,Tennessee,49.82412791
2007,Tennessee,56.38788969
2008,Tennessee,47.66766297
2009,Tennessee,36.85433558
2010,Tennessee,45.33994374
2011,Tennessee,44.41420949
2012,Tennessee,44.54907041
2013,Tennessee,39.90902323
2014,Tennessee,40.24598047
2015,Tennessee,38.77226162
2016,Tennessee,41.16764854
2017,Tennessee,37.74733296
2018,Tennessee,36.53186588
2019,Tennessee,36.53515427
2000,Texas,51.93248343
2001,Texas,49.01149106
2002,Texas,48.97010086
2003,Texas,50.29535865
2004,Texas,46.51523998
2005,Texas,51.13728584
2006,Texas,49.46474242
2007,Texas,45.01562164
2008,Texas,44.12527609
2009,Texas,42.73359277
2010,Texas,42.34218289
2011,Texas,47.87567173
2012,Texas,44.98852058
2013,Texas,42.61591999
2014,Texas,41.02031325
2015,Texas,41.18307306
2016,Texas,38.67533265
2017,Texas,37.59046627
2018,Texas,36.7941937
2019,Texas,36.77882172
2000,Utah,47.17214996
2001,Utah,48.15379238
2002,Utah,51.3332193
2003,Utah,47.94028305
2004,Utah,50.28457362
2005,Utah,50.47523839
2006,Utah,51.27700243
2007,Utah,54.36743642
2008,Utah,52.05957447
2009,Utah,50.76891106
2010,Utah,51.19234617
2011,Utah,50.06705351
2012,Utah,50.62645607
2013,Utah,53.91064601
2014,Utah,45.680008
2015,Utah,45.80648536
2016,Utah,47.04831979
2017,Utah,51.23849905
2018,Utah,51.91106
2019,Utah,46.19442262
2000,Vermont,34.92783505
2001,Vermont,40.00673725
2002,Vermont,39.96416084
2003,Vermont,37.66899302
2004,Vermont,35.031477
2005,Vermont,37.03923139
2006,Vermont,32.5869906
2007,Vermont,34.66898955
2008,Vermont,38.92056487
2009,Vermont,37.91735537
2010,Vermont,37.97074954
2011,Vermont,41.22627737
2012,Vermont,36.39471511
2013,Vermont,36.74607113
2014,Vermont,34.61932287
2015,Vermont,35.16652858
2016,Vermont,34.15920398
2017,Vermont,34.41419142
2018,Vermont,35.37706271
2019,Vermont,34.91909925
2000,Virginia,45.6723127
2001,Virginia,48.09313414
2002,Virginia,49.90901388
2003,Virginia,44.52501668
2004,Virginia,42.51730277
2005,Virginia,45.20119544
2006,Virginia,44.09395443
2007,Virginia,46.90228553
2008,Virginia,41.65603329
2009,Virginia,36.00372261
2010,Virginia,42.70253369
2011,Virginia,39.17239583
2012,Virginia,38.24805154
2013,Virginia,34.72372238
2014,Virginia,34.67985099
2015,Virginia,35.36902025
2016,Virginia,34.28744519
2017,Virginia,33.54115139
2018,Virginia,31.62609457
2019,Virginia,33.08584813
2000,Washington,35.85488448
2001,Washington,35.53690616
2002,Washington,37.40270698
2003,Washington,37.23639706
2004,Washington,35.23623524
2005,Washington,33.50606348
2006,Washington,34.6858351
2007,Washington,32.427548
2008,Washington,32.32328582
2009,Washington,32.0069478
2010,Washington,27.43601583
2011,Washington,29.08042895
2012,Washington,30.62313827
2013,Washington,32.23477915
2014,Washington,29.28281611
2015,Washington,32.02363147
2016,Washington,27.07197943
2017,Washington,34.07934981
2018,Washington,32.45586582
2019,Washington,29.05912409
2000,West Virginia,58.44355991
2001,West Virginia,58.31551758
2002,West Virginia,57.00336767
2003,West Virginia,53.48582755
2004,West Virginia,50.6988625
2005,West Virginia,54.22396897
2006,West Virginia,51.32643144
2007,West Virginia,55.1400596
2008,West Virginia,47.13806287
2009,West Virginia,43.53964194
2010,West Virginia,43.14621633
2011,West Virginia,39.68411673
2012,West Virginia,40.91474654
2013,West Virginia,35.52968568
2014,West Virginia,35.69418743
2015,West Virginia,35.27668172
2016,West Virginia,33.5849736
2017,West Virginia,32.4170422
2018,West Virginia,30.12301426
2019,West Virginia,29.7026916
2000,Wisconsin,42.8253402
2001,Wisconsin,46.31944265
2002,Wisconsin,46.6819001
2003,Wisconsin,46.2521327
2004,Wisconsin,40.20143407
2005,Wisconsin,47.84782894
2006,Wisconsin,41.87731006
2007,Wisconsin,45.95030196
2008,Wisconsin,41.58515815
2009,Wisconsin,39.44456695
2010,Wisconsin,41.85342671
2011,Wisconsin,41.89454447
2012,Wisconsin,45.36459983
2013,Wisconsin,40.04152249
2014,Wisconsin,39.79607991
2015,Wisconsin,38.42019584
2016,Wisconsin,36.87174049
2017,Wisconsin,36.86089751
2018,Wisconsin,39.45326519
2019,Wisconsin,36.08579566
2000,Wyoming,36.05180591
2001,Wyoming,37.94103774
2002,Wyoming,38.62328549
2003,Wyoming,36.08042489
2004,Wyoming,32.34330445
2005,Wyoming,32.60926194
2006,Wyoming,36.47843473
2007,Wyoming,38.03235152
2008,Wyoming,37.65257314
2009,Wyoming,34.81857946
2010,Wyoming,36.44757081
2011,Wyoming,37.98392794
2012,Wyoming,41.10068259
2013,Wyoming,41.96116336
2014,Wyoming,40.17622117
2015,Wyoming,40.55043375
2016,Wyoming,40.52559784
2017,Wyoming,42.9976934
2018,Wyoming,43.25608324
2019,Wyoming,41.08489348